locale,RU
bot_sleep,–ë–æ—Ç –Ω–∞ —Ç–µ—Ö. –æ–±—Å–ª—É–∂–∏–≤–∞–Ω–∏–∏
start/channel_group_needed,"–ü–æ–¥–ø–∏—à–∏—Å—å –Ω–∞ –≥—Ä—É–ø–ø—É –∏ –∫–∞–Ω–∞–ª, —á—Ç–æ–±—ã –ø–æ–ª—å–∑–æ–≤–∞—Ç—å—Å—è –±–æ—Ç–æ–º!"
start/channel_needed,–ù—É–∂–Ω–æ –ø–æ–¥–ø–∏—Å–∞—Ç—å—Å—è –Ω–∞ –∫–∞–Ω–∞–ª.
start/group_needed,–ù—É–∂–Ω–æ –≤—Å—Ç—É–ø–∏—Ç—å –≤ –≥—Ä—É–ø–ø—É.
start/thanks,–°–ø–∞—Å–∏–±–æ!
start/welcome,–î–æ–±—Ä–æ –ø–æ–∂–∞–ª–æ–≤–∞—Ç—å –≤ –º–∞–≥–∞–∑–∏–Ω –∏–≥—Ä!
catalog/main,<b>–ö–∞—Ç–∞–ª–æ–≥</b>
catalog/back_tree,<b>–ö–∞—Ç–∞–ª–æ–≥</b> -> {}
product/add,"<b>{}</b>

–°–∫–æ–ª—å–∫–æ –µ–¥–∏–Ω–∏—Ü –¥–æ–±–∞–≤–∏—Ç—å –≤ –∫–æ—Ä–∑–∏–Ω—É?"
product/info,"<b>{}</b>

{}

–ö–∞—Ç–µ–≥–æ—Ä–∏—è: {}"
basket/main,"<b>–ö–æ—Ä–∑–∏–Ω–∞</b>

–ö–æ–ª-–≤–æ: {}
–û–±—â–∞—è —Å—Ç–æ–∏–º–æ—Å—Ç—å: {}"
basket/empty,–í–∞—à–∞ –∫–æ—Ä–∑–∏–Ω–∞ –ø—É—Å—Ç–∞ :—Å
basket/product_title,<b>{}</b>
basket/address/is_yours,–í–∞—à –∞–¥—Ä–µ—Å <i>{}</i>?
basket/address/enter_city,"<b>–ê–¥—Ä–µ—Å</b>

–í–≤–µ–¥–∏—Ç–µ –≤–∞—à –≥–æ—Ä–æ–¥:"
basket/address/enter_street,–í–≤–µ–¥–∏—Ç–µ —É–ª–∏—Ü—É:
basket/address/enter_building,–í–≤–µ–¥–∏—Ç–µ –Ω–æ–º–µ—Ä –¥–æ–º–∞:
basket/checkout/title,–û–ø–ª–∞—Ç–∞ –∑–∞–∫–∞–∑–∞
basket/checkout/description,–û–ø–ª–∞—Ç–∏—Ç–µ –∑–∞–∫–∞–∑ –Ω–∞ —Å—É–º–º—É {} RUB
basket/checkout/thanks,–°–ø–∞—Å–∏–±–æ –∑–∞ –æ–ø–ª–∞—Ç—É! –í–∞—à –∑–∞–∫–∞–∑ —É–∂–µ –ª–µ—Ç–∏—Ç –∫ –≤–∞–º!
,
,
,
button/RETURN,–ù–∞–∑–∞–¥
button/CHANNEL,–ö–∞–Ω–∞–ª
button/GROUP,–ì—Ä—É–ø–ø–∞
button/CHECK_SUBS,–ü—Ä–æ–≤–µ—Ä–∏—Ç—å –ø—Ä–æ–¥–ø–∏—Å–∫—É
button/CATALOG,–ö–∞—Ç–∞–ª–æ–≥
button/BASKET,–ö–æ—Ä–∑–∏–Ω–∞ ({})
button/FAQ,FAQ
button/CATEGORY_PLACEHOLDER,‚¨á –ò–≥—Ä—ã –≤ –∫–∞—Ç–µ–≥–æ—Ä–∏–∏ {} ‚¨á
button/GO_HOME,üè† –ù–∞ –≥–ª–∞–≤–Ω—É—é
button/ADD_BASKET,üõí –î–æ–±–∞–≤–∏—Ç—å –≤ –∫–æ—Ä–∑–∏–Ω—É
button/GOBACK_CATALOG,‚óÄ –ö –∫–∞—Ç–∞–ª–æ–≥—É
button/BASKET_INCREASE,‚ûï
button/BASKET_DECREASE,‚ûñ
button/ADD,–î–æ–±–∞–≤–∏—Ç—å
button/CHECKOUT,üí≥ –û—Ñ–æ—Ä–º–∏—Ç—å –∑–∞–∫–∞–∑
button/PAY,üí≥ –û–ø–ª–∞—Ç–∏—Ç—å
button/GO_CATALOG,üìò –í –∫–∞—Ç–∞–ª–æ–≥
button/SAVE,–°–æ—Ö—Ä–∞–Ω–∏—Ç—å
button/DELETE,–£–¥–∞–ª–∏—Ç—å
button/DELIVERY_NEW,"–ù–µ—Ç, —É–∫–∞–∑–∞—Ç—å –Ω–æ–≤—ã–π"
button/DELIVERY_OLD,"–î–∞, –¥–æ—Å—Ç–∞–≤–∏—Ç—å —Å—é–¥–∞"